1,../../apps/cache/active,cacheread,5678
2,../../apps/cache/active,cacheread,5679
3,../../apps/cache/active,cacheread,5680
4,../../apps/cache/active,cacheread,5681
5,../../apps/cache/active,cacheread,5682
6,../../apps/cache/active,cacheread,5683
7,../../apps/cache/active,cacheread,5684
8,../../apps/cache/active,cacheread,5685
9,../../apps/cache/active,cacheread,5686
10,../../apps/cache/active,cacheread,5687
11,../../apps/cache/active,cacheread,5688
12,../../apps/cache/active,cacheread,5689
13,../../apps/cache/active,cacheread,5690
14,../../apps/cache/active,cacheread,5691
15,../../apps/cache/active,cacheread,5692
16,../../apps/cache/active,cacheread,5693
17,../../apps/cache/active,cacheread,5694
18,../../apps/cache/active,cacheread,5695
19,../../apps/cache/active,cacheread,5696
20,../../apps/cache/active,cacheread,5697
21,../../apps/cache/active,cacheread,5698
22,../../apps/cache/active,cacheread,5699
23,../../apps/cache/active,cacheread,5700
24,../../apps/cache/active,cacheread,5701
25,../../apps/cache/active,cacheread,5702
26,../../apps/cache/active,cacheread,5703
27,../../apps/cache/active,cacheread,5704
28,../../apps/cache/active,cacheread,5705
29,../../apps/cache/active,cacheread,5706
30,../../apps/cache/active,cacheread,5707
31,../../apps/cache/active,cacheread,5708
32,../../apps/cache/active,cacheread,5709